Symbol,Sector
RELIANCE,Energy
TCS,Technology
HDFCBANK,Financial Services
ICICIBANK,Financial Services
HINDUNILVR,Consumer Defensive
INFY,Technology
HDFC,
ITC,Consumer Defensive
SBIN,Financial Services
BHARTIARTL,Communication Services
KOTAKBANK,Financial Services
BAJFINANCE,Financial Services
LICI,Financial Services
LT,Industrials
HCLTECH,Technology
ASIANPAINT,Basic Materials
AXISBANK,Financial Services
MARUTI,Consumer Cyclical
SUNPHARMA,Healthcare
TITAN,Consumer Cyclical
DMART,Consumer Defensive
ULTRACEMCO,Basic Materials
BAJAJFINSV,Financial Services
WIPRO,Technology
ADANIENT,Energy
ONGC,Energy
NTPC,Utilities
JSWSTEEL,Basic Materials
POWERGRID,Utilities
M&M,Consumer Cyclical
LTIM,Technology
TATAMOTORS,Consumer Cyclical
ADANIGREEN,Utilities
ADANIPORTS,Industrials
COALINDIA,Energy
TATASTEEL,Basic Materials
HINDZINC,Basic Materials
PIDILITIND,Basic Materials
SIEMENS,Industrials
ADANITRANS,
SBILIFE,Financial Services
IOC,Energy
BAJAJ-AUTO,Consumer Cyclical
GRASIM,Basic Materials
TECHM,Technology
HDFCLIFE,Financial Services
BRITANNIA,Consumer Defensive
VEDL,Basic Materials
GODREJCP,Consumer Defensive
DABUR,Consumer Defensive
ATGL,Utilities
SHREECEM,Basic Materials
HAL,Industrials
HINDALCO,Basic Materials
VBL,Consumer Defensive
DLF,Real Estate
BANKBARODA,Financial Services
INDUSINDBK,Financial Services
EICHERMOT,Consumer Cyclical
DRREDDY,Healthcare
DIVISLAB,Healthcare
BPCL,Energy
HAVELLS,Industrials
ADANIPOWER,Utilities
INDIGO,Industrials
CIPLA,Healthcare
AMBUJACEM,Basic Materials
SRF,Basic Materials
ABB,Industrials
BEL,Industrials
SBICARD,Financial Services
GAIL,Utilities
BAJAJHLDNG,Financial Services
TATACONSUM,Consumer Defensive
ICICIPRULI,Financial Services
CHOLAFIN,Financial Services
MARICO,Consumer Defensive
APOLLOHOSP,Healthcare
TATAPOWER,Utilities
BOSCHLTD,Consumer Cyclical
BERGEPAINT,Basic Materials
JINDALSTEL,Basic Materials
MCDOWELL-N,Consumer Defensive
UPL,Basic Materials
AWL,Consumer Defensive
ICICIGI,Financial Services
TORNTPHARM,Healthcare
CANBK,Financial Services
PNB,Financial Services
TVSMOTOR,Consumer Cyclical
ZYDUSLIFE,Healthcare
TIINDIA,Industrials
TRENT,Consumer Cyclical
IDBI,Financial Services
NAUKRI,Communication Services
SHRIRAMFIN,Financial Services
HEROMOTOCO,Consumer Cyclical
INDHOTEL,Consumer Cyclical
PIIND,Basic Materials
IRCTC,Industrials
CGPOWER,Industrials
UNIONBANK,Financial Services
MOTHERSON,Consumer Cyclical
CUMMINSIND,Industrials
SCHAEFFLER,Consumer Cyclical
LODHA,Real Estate
ZOMATO,Consumer Cyclical
PGHH,Consumer Defensive
YESBANK,Financial Services
POLYCAB,Industrials
MAXHEALTH,Healthcare
IOB,Financial Services
PAGEIND,Consumer Cyclical
COLPAL,Consumer Defensive
ASHOKLEY,Industrials
ALKEM,Healthcare
NHPC,Utilities
PAYTM,Technology
PFC,Financial Services
JSWENERGY,Utilities
MUTHOOTFIN,Financial Services
AUBANK,Financial Services
INDUSTOWER,Communication Services
BALKRISIND,Consumer Cyclical
UBL,Consumer Defensive
ABCAPITAL,Financial Services
TATAELXSI,Technology
DALBHARAT,Basic Materials
HDFCAMC,Financial Services
INDIANB,Financial Services
ASTRAL,Industrials
BHARATFORG,Consumer Cyclical
LTTS,Technology
MRF,Consumer Cyclical
TATACOMM,Communication Services
NYKAA,Consumer Cyclical
CONCOR,Industrials
PERSISTENT,Technology
PATANJALI,Consumer Defensive
IRFC,Financial Services
LINDEINDIA,Basic Materials
IDFCFIRSTB,Financial Services
PETRONET,Energy
SOLARINDS,Basic Materials
SAIL,Basic Materials
MPHASIS,Technology
HINDPETRO,Energy
APLAPOLLO,Basic Materials
FLUOROCHEM,Basic Materials
NMDC,Basic Materials
HONAUT,Industrials
SUPREMEIND,Industrials
GUJGASLTD,Utilities
BANDHANBNK,Financial Services
ACC,Basic Materials
OBEROIRLTY,Real Estate
BANKINDIA,Financial Services
RECLTD,Financial Services
AUROPHARMA,Healthcare
STARHEALTH,Financial Services
IGL,Utilities
LUPIN,Healthcare
UCOBANK,Financial Services
JUBLFOOD,Consumer Cyclical
POLICYBZR,Financial Services
GODREJPROP,Real Estate
M&MFIN,Financial Services
IDEA,Communication Services
OFSS,Technology
FEDERALBNK,Financial Services
MANYAVAR,Consumer Cyclical
UNOMINDA,Consumer Cyclical
AIAENG,Industrials
THERMAX,Industrials
OIL,Energy
VOLTAS,Industrials
3MINDIA,Industrials
COROMANDEL,Basic Materials
SUNDARMFIN,Financial Services
KPITTECH,Technology
DEEPAKNTR,Basic Materials
ESCORTS,Industrials
BIOCON,Healthcare
TATACHEM,Basic Materials
TORNTPOWER,Utilities
GMRINFRA,Industrials
BHEL,Industrials
SONACOMS,Consumer Cyclical
DELHIVERY,Industrials
SYNGENE,Healthcare
CRISIL,Financial Services
GICRE,Financial Services
COFORGE,Technology
PHOENIXLTD,Real Estate
JKCEMENT,Basic Materials
POONAWALLA,Financial Services
GLAXO,Healthcare
MFSL,Financial Services
METROBRAND,Consumer Cyclical
MSUMI,Consumer Cyclical
SUMICHEM,Basic Materials
RELAXO,Consumer Cyclical
NAVINFLUOR,Basic Materials
SKFINDIA,Industrials
CENTRALBK,Financial Services
GLAND,Healthcare
KANSAINER,Basic Materials
GRINDWELL,Industrials
TIMKEN,Industrials
IPCALAB,Healthcare
SUNDRMFAST,Consumer Cyclical
ATUL,Basic Materials
ZEEL,Communication Services
L&TFH,Financial Services
ABFRL,Consumer Cyclical
APOLLOTYRE,Consumer Cyclical
KPRMILL,Consumer Cyclical
ZFCVINDIA,Consumer Cyclical
FORTIS,Healthcare
AARTIIND,Basic Materials
HATSUN,Consumer Defensive
CARBORUNIV,Industrials
CROMPTON,Consumer Cyclical
VINATIORGA,Basic Materials
IIFL,Financial Services
BATAINDIA,Consumer Cyclical
BDL,Industrials
LICHSGFIN,Financial Services
RAJESHEXPO,Consumer Cyclical
RAMCOCEM,Basic Materials
ENDURANCE,Consumer Cyclical
DEVYANI,Consumer Cyclical
PSB,Financial Services
DIXON,Technology
KAJARIACER,Industrials
WHIRLPOOL,Consumer Cyclical
MAHABANK,Financial Services
SUNTV,Communication Services
PEL,Financial Services
PRESTIGE,Real Estate
NIACL,Financial Services
RADICO,Consumer Defensive
PFIZER,Healthcare
NH,Healthcare
EMAMILTD,Consumer Defensive
LAURUSLABS,Healthcare
FIVESTAR,Financial Services
AJANTPHARM,Healthcare
INDIAMART,Communication Services
360ONE,Financial Services
KEI,Industrials
JBCHEPHARM,Healthcare
LALPATHLAB,Healthcare
JSL,Basic Materials
IRB,Industrials
EXIDEIND,Consumer Cyclical
PVR,
GSPL,Utilities
BLUEDART,Industrials
NATIONALUM,Basic Materials
RVNL,Industrials
CREDITACC,Financial Services
TRIDENT,Consumer Cyclical
POWERINDIA,Technology
MEDANTA,Healthcare
GILLETTE,Consumer Defensive
RATNAMANI,Basic Materials
ELGIEQUIP,Industrials
ISEC,Financial Services
CGCL,Financial Services
GODREJIND,Industrials
CLEAN,Basic Materials
MAZDOCK,Industrials
MAHINDCIE,
AEGISCHEM,Energy
FACT,Basic Materials
BLUESTARCO,Industrials
SANOFI,Healthcare
FINEORG,Basic Materials
AFFLE,Communication Services
GLENMARK,Healthcare
NAM-INDIA,Financial Services
SJVN,Utilities
REDINGTON,Technology
AAVAS,Financial Services
IDFC,Financial Services
FINCABLES,Industrials
NUVOCO,Basic Materials
BAJAJELEC,Consumer Cyclical
APTUS,Financial Services
SUVENPHAR,Healthcare
ASTERDM,Healthcare
RHIM,Industrials
KEC,Industrials
SONATSOFTW,Technology
AETHER,Basic Materials
DCMSHRIRAM,Basic Materials
IEX,Financial Services
HAPPSTMNDS,Technology
KIMS,Healthcare
ALKYLAMINE,Basic Materials
CYIENT,Industrials
CHAMBLFERT,Basic Materials
ASAHIINDIA,Consumer Cyclical
CASTROLIND,Energy
BRIGADE,Real Estate
KALYANKJIL,Consumer Cyclical
TTML,Communication Services
VGUARD,Industrials
NLCINDIA,Utilities
LAXMIMACH,Industrials
TRITURBINE,Industrials
FINPIPE,Industrials
AKZOINDIA,Basic Materials
MANAPPURAM,Financial Services
EIHOTEL,Consumer Cyclical
CENTURYPLY,Basic Materials
NATCOPHARM,Healthcare
KIOCL,Basic Materials
CHOLAHLDNG,Financial Services
CAMPUS,Consumer Cyclical
CAMS,Technology
AMARAJABAT,Industrials
ZYDUSWELL,Consumer Defensive
BASF,Basic Materials
TEJASNET,Technology
APLLTD,Healthcare
MGL,Utilities
GRINFRA,Industrials
ANGELONE,Financial Services
SFL,Consumer Cyclical
TTKPRESTIG,Consumer Cyclical
APARINDS,Industrials
HINDCOPPER,Basic Materials
CDSL,Financial Services
GODFRYPHLP,Consumer Defensive
RENUKA,Consumer Defensive
CUB,Financial Services
JKLAKSHMI,Basic Materials
ANURAS,Basic Materials
MRPL,Energy
GESHIP,Industrials
POLYMED,Healthcare
NSLNISP,Basic Materials
BIKAJI,Consumer Defensive
MOTILALOFS,Financial Services
ABSLAMC,Financial Services
CESC,Utilities
TATAINVEST,Financial Services
ALLCARGO,Industrials
KALPATPOWR,
PNBHOUSING,Financial Services
HUDCO,Financial Services
ITI,Technology
ROUTE,Communication Services
RITES,Industrials
VTL,Consumer Cyclical
RBLBANK,Financial Services
HFCL,Technology
KARURVYSYA,Financial Services
CERA,Industrials
EIDPARRY,Basic Materials
INGERRAND,Industrials
GALAXYSURF,Basic Materials
PPLPHARMA,Healthcare
UTIAMC,Financial Services
KRBL,Consumer Defensive
RAYMOND,Consumer Cyclical
ASTRAZEN,Healthcare
VIPIND,Consumer Cyclical
ACI,Basic Materials
BALRAMCHIN,Consumer Defensive
SUZLON,Industrials
GODREJAGRO,Consumer Defensive
GNFC,Basic Materials
ERIS,Healthcare
PGHL,Healthcare
MEDPLUS,Healthcare
SAPPHIRE,Consumer Cyclical
DATAPATTNS,Industrials
SUNCLAYLTD,
JBMA,Consumer Cyclical
EASEMYTRIP,Consumer Cyclical
CCL,Consumer Defensive
EQUITASBNK,Financial Services
CHALET,Consumer Cyclical
RAINBOW,Healthcare
PNCINFRA,Industrials
FSL,Technology
KSB,Industrials
BSOFT,Technology
KNRCON,Industrials
SHOPERSTOP,Consumer Cyclical
SYMPHONY,Consumer Cyclical
CENTURYTEX,Basic Materials
CANFINHOME,Financial Services
GRANULES,Healthcare
TANLA,Technology
JYOTHYLAB,Consumer Defensive
SPLPETRO,Basic Materials
DEEPAKFERT,Basic Materials
CRAFTSMAN,Consumer Cyclical
BIRLACORPN,Basic Materials
BLS,Industrials
SHYAMMETL,Basic Materials
NCC,Industrials
GMMPFAUDLR,Industrials
LATENTVIEW,Industrials
USHAMART,Basic Materials
HOMEFIRST,Financial Services
JKPAPER,Basic Materials
TMB,Financial Services
JINDWORLD,Consumer Cyclical
METROPOLIS,Healthcare
SAREGAMA,Communication Services
NBCC,Industrials
ECLERX,Technology
BALAMINES,Basic Materials
WELSPUNIND,Consumer Cyclical
PRAJIND,Industrials
COCHINSHIP,Industrials
ZENSARTECH,Technology
AMBER,Consumer Cyclical
LEMONTREE,Consumer Cyclical
PRINCEPIPE,Industrials
TRIVENI,Consumer Defensive
GARFIBRES,Consumer Cyclical
LXCHEM,Basic Materials
STLTECH,Industrials
CEATLTD,Consumer Cyclical
BSE,Financial Services
SPARC,Healthcare
ALOKINDS,Consumer Cyclical
ORIENTELEC,Consumer Cyclical
INDIACEM,Basic Materials
JUBLINGREA,Basic Materials
KIRLOSENG,Industrials
TCIEXP,Industrials
JMFINANCIL,Financial Services
NETWORK18,Communication Services
BBTC,Consumer Defensive
SWANENERGY,Consumer Cyclical
GPPL,Industrials
KAYNES,Industrials
VRLLOG,Industrials
INTELLECT,Technology
SWSOLAR,Technology
CHEMPLASTS,Basic Materials
QUESS,Industrials
ROLEXRINGS,Industrials
MAHLIFE,Real Estate
ESABINDIA,Industrials
MHRIL,Consumer Cyclical
GOCOLORS,Consumer Cyclical
HGS,Industrials
BORORENEW,Consumer Cyclical
GAEL,Consumer Defensive
MAPMYINDIA,Technology
PRSMJOHNSN,Basic Materials
RUSTOMJEE,Real Estate
IRCON,Industrials
RCF,Basic Materials
WELCORP,Basic Materials
BEML,Industrials
GRSE,Industrials
EPL,Consumer Cyclical
MINDACORP,Consumer Cyclical
GRAPHITE,Industrials
HGINFRA,Industrials
OLECTRA,Industrials
RELINFRA,Utilities
JUSTDIAL,Communication Services
RAIN,Basic Materials
IONEXCHANG,Industrials
EDELWEISS,Financial Services
UJJIVANSFB,Financial Services
TV18BRDCST,Communication Services
GPIL,Basic Materials
MTARTECH,Industrials
TCI,Industrials
RTNINDIA,Consumer Cyclical
VSTIND,Consumer Defensive
SAFARI,Consumer Cyclical
ACE,Industrials
MAHSCOOTER,Consumer Cyclical
DELTACORP,Consumer Cyclical
GLS,Healthcare
GHCL,Basic Materials
INDIGOPNTS,Basic Materials
MAHSEAMLES,Basic Materials
SUPRAJIT,Consumer Cyclical
KFINTECH,Technology
GSFC,Basic Materials
J&KBANK,Financial Services
RELIGARE,Financial Services
MASTEK,Technology
SIS,Industrials
JINDALSAW,Basic Materials
TEGA,Industrials
SYRMA,Technology
AVANTIFEED,Consumer Defensive
STARCEMENT,Basic Materials
IBULHSGFIN,Financial Services
RKFORGE,Industrials
CAPLIPOINT,Healthcare
VAIBHAVGBL,Consumer Cyclical
RBA,Consumer Cyclical
JUBLPHARMA,Healthcare
SHARDACROP,Basic Materials
NIITLTD,Consumer Defensive
PCBL,Basic Materials
MASFIN,Financial Services
SCI,Industrials
PDSL,Industrials
GUJALKALI,Basic Materials
ELECON,Industrials
CMSINFO,Industrials
VMART,Consumer Cyclical
ICRA,Financial Services
JSWHL,Industrials
FDC,Healthcare
CSBBANK,Financial Services
KTKBANK,Financial Services
MMTC,Industrials
ENGINERSIN,Industrials
SUNTECK,Real Estate
PRIVISCL,Basic Materials
PARADEEP,Basic Materials
SOBHA,Real Estate
FUSION,Financial Services
GMDCLTD,Energy
VIJAYA,Healthcare
JAMNAAUTO,Consumer Cyclical
ANANTRAJ,Real Estate
SANSERA,Industrials
MFL,
AHLUCONT,Industrials
BSHSL,Basic Materials
TATACOFFEE,Consumer Defensive
TEAMLEASE,Industrials
JKTYRE,Consumer Cyclical
VARROC,Consumer Cyclical
GREENLAM,Consumer Cyclical
JPPOWER,Utilities
INFIBEAM,Technology
SPANDANA,Financial Services
HSCL,Basic Materials
BHARATRAS,Basic Materials
RAJRATAN,Basic Materials
LAOPALA,Consumer Cyclical
SARDAEN,Basic Materials
RALLIS,Basic Materials
BOROLTD,Consumer Cyclical
RATEGAIN,Technology
SCHNEIDER,Industrials
RPOWER,Utilities
ARVINDFASN,Consumer Cyclical
TATVA,Basic Materials
POWERMECH,Industrials
HCG,Healthcare
NESCO,Industrials
HEIDELBERG,Basic Materials
TECHNOE,Industrials
POLYPLEX,Basic Materials
SURYAROSNI,Basic Materials
AUTOAXLES,Consumer Cyclical
JWL,Industrials
NFL,Basic Materials
HEG,Industrials
RAJRILTD,Consumer Cyclical
CHENNPETRO,Energy
WSTCSTPAPR,Basic Materials
LUXIND,Consumer Cyclical
HIKAL,Healthcare
MIDHANI,Basic Materials
HLEGLAS,Industrials
SHAREINDIA,Financial Services
NOCIL,Basic Materials
NAZARA,Communication Services
BANARISUG,Consumer Defensive
ANANDRATHI,Financial Services
PRUDENT,Financial Services
GRAVITA,Industrials
GREENPANEL,Basic Materials
VESUVIUS,Industrials
DCBBANK,Financial Services
ROSSARI,Basic Materials
RESPONIND,Basic Materials
TINPLATE,Basic Materials
KIRLOSBROS,Industrials
RAILTEL,Communication Services
AMIORG,Basic Materials
ISGEC,Industrials
NEOGEN,Basic Materials
MARKSANS,Healthcare
NAVA,Industrials
NEWGEN,Technology
BECTORFOOD,Consumer Defensive
TWL,
AARTIDRUGS,Healthcare
UJJIVAN,Financial Services
GATEWAY,Industrials
SULA,Consumer Defensive
DAAWAT,Consumer Defensive
SOUTHBANK,Financial Services
GET&D,Industrials
HARSHA,Industrials
PGEL,Technology
RSYSTEMS,Technology
INDOCO,Healthcare
MOLDTKPAC,Consumer Cyclical
IFBIND,Consumer Cyclical
SBCL,Industrials
BCG,Communication Services
GREAVESCOT,Industrials
MOIL,Basic Materials
TATASTLLP,Basic Materials
TARSONS,Healthcare
SHANTIGEAR,Industrials
CHOICEIN,Financial Services
TIIL,Industrials
DHANUKA,Basic Materials
JCHAC,Consumer Cyclical
DODLA,Consumer Defensive
DALMIASUG,Consumer Defensive
VOLTAMP,Industrials
ASTEC,Basic Materials
SUDARSCHEM,Basic Materials
KSCL,Basic Materials
SUNFLAG,Basic Materials
IBREALEST,Real Estate
THOMASCOOK,Consumer Cyclical
HBLPOWER,Industrials
INOXWIND,Industrials
NILKAMAL,Consumer Cyclical
ZENTEC,Industrials
TCNSBRANDS,Consumer Cyclical
ADVENZYMES,Basic Materials
STAR,Healthcare
FCL,Basic Materials
KKCL,Consumer Cyclical
HINDWAREAP,Consumer Cyclical
MAHLOG,Industrials
EMIL,Consumer Cyclical
JTEKTINDIA,Consumer Cyclical
MANINFRA,Industrials
ITDC,Consumer Cyclical
APCOTEXIND,Basic Materials
PRICOLLTD,Consumer Cyclical
PTC,Utilities
AARTIPHARM,Healthcare
MBAPL,Basic Materials
SAGCEM,Basic Materials
TDPOWERSYS,Industrials
JAICORPLTD,Basic Materials
DBL,Industrials
BARBEQUE,Consumer Cyclical
UNIPARTS,Industrials
UFLEX,Consumer Cyclical
WONDERLA,Consumer Cyclical
PSPPROJECT,Industrials
KIRLOSIND,Industrials
IPL,Basic Materials
DISHTV,Communication Services
TATAMETALI,Basic Materials
PAISALO,Financial Services
PFOCUS,Communication Services
HEMIPROP,Real Estate
LGBBROSLTD,Consumer Cyclical
MAITHANALL,Basic Materials
SSWL,Consumer Cyclical
NEULANDLAB,Healthcare
HATHWAY,Communication Services
THYROCARE,Healthcare
ORIENTCEM,Basic Materials
DREAMFOLKS,Industrials
ETHOSLTD,Consumer Cyclical
GLOBUSSPR,Consumer Defensive
GANESHHOUC,Real Estate
ARVIND,Consumer Cyclical
ICIL,Consumer Cyclical
SHRIPISTON,Consumer Cyclical
WOCKPHARMA,Healthcare
DBREALTY,Real Estate
ISMTLTD,Basic Materials
JINDALPOLY,Basic Materials
WABAG,Industrials
BAJAJCON,Consumer Defensive
GENUSPOWER,Industrials
BUTTERFLY,Consumer Cyclical
NAVNETEDUL,Communication Services
GOKEX,Consumer Cyclical
APOLLOPIPE,Industrials
LANDMARK,Consumer Cyclical
IFCI,Financial Services
ATFL,Consumer Defensive
EVEREADY,Industrials
AGI,Consumer Cyclical
TI,Consumer Defensive
ASHOKA,Industrials
SOMANYCERA,Industrials
HCC,Industrials
JISLJALEQS,Industrials
VINDHYATEL,Industrials
FIEMIND,Consumer Cyclical
TASTYBITE,Consumer Defensive
JAYNECOIND,Basic Materials
HONDAPOWER,Industrials
UNICHEMLAB,Healthcare
MUKANDLTD,Basic Materials
CIGNITITEC,Technology
MMFL,Industrials
VENKEYS,Consumer Defensive
RAMKY,Industrials
DIVGIITTS,Consumer Cyclical
CAMLINFINE,Basic Materials
SHILPAMED,Healthcare
GULFOILLUB,Basic Materials
MOL,Basic Materials
DOLLAR,Consumer Cyclical
VSTTILLERS,Industrials
SUBROS,Consumer Cyclical
DCAL,Healthcare
GABRIEL,Consumer Cyclical
MAXVIL,Consumer Goods
SIYSIL,Consumer Cyclical
TVSSRICHAK,Consumer Cyclical
ASTRAMICRO,Technology
JKIL,Industrials
JAGRAN,Communication Services
ELECTCAST,Basic Materials
CARERATING,Financial Services
INDIAGLYCO,Basic Materials
BALMLAWRIE,Industrials
KOLTEPATIL,Real Estate
IMAGICAA,Communication Services
WELENT,Industrials
TIPSINDLTD,Communication Services
SWARAJENG,Consumer Cyclical
MAYURUNIQ,Consumer Cyclical
GANECOS,Consumer Cyclical
PARAS,Industrials
LUMAXTECH,Consumer Cyclical
ACCELYA,Technology
KESORAMIND,Basic Materials
CARTRADE,Consumer Cyclical
MPSLTD,Communication Services
SEQUENT,Healthcare
HIL,Industrials
GUFICBIO,Healthcare
ITDCEM,Industrials
PILANIINVS,Financial Services
MSTCLTD,Industrials
LSIL,
PANAMAPET,Energy
OPTIEMUS,Technology
SIRCA,Basic Materials
TIRUMALCHM,Basic Materials
DYNAMATECH,Consumer Cyclical
SUNDARMHLD,Industrials
TIMETECHNO,Consumer Cyclical
DBCORP,Communication Services
ASHIANA,Real Estate
CONFIPET,Energy
DIAMONDYD,Consumer Defensive
NUCLEUS,Technology
GREENPLY,Basic Materials
JPASSOCIAT,Industrials
WENDT,Industrials
FINOPB,Financial Services
FMGOETZE,Consumer Cyclical
SANGHIIND,Basic Materials
VAKRANGEE,Technology
GNA,Consumer Cyclical
AMRUTANJAN,Healthcare
EMUDHRA,Technology
DATAMATICS,Technology
SHARDAMOTR,Consumer Cyclical
IOLCP,Healthcare
LUMAXIND,Consumer Cyclical
BAJAJHIND,Consumer Defensive
STYLAMIND,Consumer Cyclical
ANDHRAPAP,Basic Materials
SOTL,Basic Materials
ADFFOODS,Consumer Defensive
VIDHIING,Basic Materials
KABRAEXTRU,Industrials
BEPL,Basic Materials
RUPA,Consumer Cyclical
NACLIND,Basic Materials
VSSL,Basic Materials
VISHNU,Basic Materials
DWARKESH,Consumer Defensive
DHANI,Financial Services
BANCOINDIA,Consumer Cyclical
KINGFA,Basic Materials
SUBEXLTD,Technology
HINDOILEXP,Energy
RTNPOWER,Utilities
VADILALIND,Consumer Defensive
BBOX,Technology
ORCHPHARMA,Healthcare
PURVA,Real Estate
COSMOFIRST,Consumer Cyclical
IMFA,Basic Materials
SUPRIYA,Healthcare
SAKSOFT,Technology
IIFLSEC,Financial Services
SANGHVIMOV,Industrials
GOKULAGRO,Consumer Defensive
ALEMBICLTD,Real Estate
VENUSPIPES,Basic Materials
SEAMECLTD,Industrials
TNPL,Basic Materials
KPIGREEN,Utilities
BFINVEST,Financial Services
SESHAPAPER,Basic Materials
DHAMPURSUG,Consumer Defensive
ANDHRSUGAR,Basic Materials
KIRIINDUS,Basic Materials
TTKHLTCARE,Healthcare
CARYSIL,Consumer Cyclical
GOCLCORP,Basic Materials
JSWISPL,
STERTOOLS,Industrials
SHALBY,Healthcare
TIDEWATER,Basic Materials
KRSNAA,Healthcare
KRISHANA,Basic Materials
HUHTAMAKI,Consumer Cyclical
BBL,Industrials
SEPC,Industrials
ORISSAMINE,Basic Materials
FILATEX,Consumer Cyclical
THEJO,Industrials
APTECHT,Consumer Defensive
ORIENTHOT,Consumer Cyclical
DCXINDIA,Industrials
FOSECOIND,Basic Materials
GOLDIAM,Consumer Cyclical
SHANKARA,Consumer Cyclical
INSECTICID,Basic Materials
THANGAMAYL,Consumer Cyclical
SHK,Basic Materials
TEXRAIL,Industrials
CANTABIL,Consumer Cyclical
GALLANTT,Basic Materials
HERITGFOOD,Consumer Defensive
KCP,Basic Materials
MOREPENLAB,Healthcare
GATI,Industrials
RAMASTEEL,Basic Materials
HESTERBIO,Healthcare
NRBBEARING,Consumer Cyclical
INDOSTAR,Financial Services
MONTECARLO,Consumer Cyclical
KSL,Basic Materials
KDDL,Consumer Cyclical
TCPLPACK,Consumer Cyclical
MARATHON,Real Estate
ARVSMART,Real Estate
DCW,Basic Materials
DEN,Communication Services
STEELXIND,Basic Materials
EIHAHOTELS,Consumer Cyclical
IGPL,Basic Materials
NITINSPIN,Consumer Cyclical
EXPLEOSOL,Technology
VERANDA,Consumer Defensive
SALASAR,Basic Materials
STYRENIX,Basic Materials
ADORWELD,Industrials
BHAGCHEM,Basic Materials
PCJEWELLER,Consumer Cyclical
GENESYS,Technology
STOVEKRAFT,Consumer Cyclical
RANEHOLDIN,Consumer Cyclical
NDTV,Communication Services
XPROINDIA,Basic Materials
MANORAMA,Consumer Defensive
GRWRHITECH,Basic Materials
HARIOMPIPE,Basic Materials
SANDHAR,Consumer Cyclical
AVTNPL,Basic Materials
IWEL,Industrials
SJS,Consumer Cyclical
EVERESTIND,Industrials
FAIRCHEMOR,Basic Materials
SASKEN,Technology
OAL,Basic Materials
NELCO,Technology
RIIL,Industrials
SOLARA,Healthcare
TAJGVK,Consumer Cyclical
BOMDYEING,Consumer Cyclical
MANGCHEFER,Basic Materials
GOODLUCK,Basic Materials
RPGLIFE,Healthcare
PATELENG,Industrials
SPIC,Basic Materials
INOXGREEN,Utilities
GIPCL,Utilities
UNIVCABLES,Industrials
NSIL,Financial Services
HMT,Industrials
MATRIMONY,Communication Services
MTNL,Communication Services
SDBL,Consumer Defensive
VALIANTORG,Basic Materials
ARMANFIN,Financial Services
REPCOHOME,Financial Services
HERANBA,Basic Materials
BFUTILITIE,Utilities
PRECWIRE,Industrials
AXITA,Consumer Cyclical
GRMOVER,Consumer Defensive
GTPL,Communication Services
IGARASHI,Consumer Cyclical
INFOBEAN,Technology
ALICON,Industrials
THEMISMED,Healthcare
TVTODAY,Communication Services
WHEELS,Consumer Cyclical
RPSGVENT,Technology
RAMCOIND,Industrials
SMLISUZU,Consumer Cyclical
AHL,Financial Services
UNIENTER,Basic Materials
SATIN,Financial Services
KUANTUM,Basic Materials
GANESHBE,Basic Materials
SUVEN,Healthcare
SATIA,Basic Materials
GULPOLY,Basic Materials
UGARSUGAR,Consumer Defensive
MANALIPETC,Basic Materials
PIXTRANS,Industrials
SHRIRAMPPS,Real Estate
RADIANTCMS,Industrials
PNBGILTS,Financial Services
INDORAMA,Consumer Cyclical
ASHAPURMIN,Basic Materials
UGROCAP,Financial Services
AXISCADES,Industrials
HITECH,Basic Materials
PUNJABCHEM,Basic Materials
SURYODAY,Financial Services
EKC,Industrials
JASH,Industrials
DPSCLTD,Utilities
TARC,Real Estate
BHARATWIRE,Basic Materials
EXCELINDUS,Basic Materials
SPECIALITY,Consumer Cyclical
ANUP,Industrials
SKIPPER,Industrials
AJMERA,Real Estate
SHALPAINTS,Basic Materials
GMBREW,Consumer Defensive
SANGAMIND,Consumer Cyclical
SHIVALIK,
GMRP&UI,Energy
PENIND,Industrials
GEOJITFSL,Financial Services
BCLIND,Consumer Defensive
DBOL,Consumer Defensive
SHAILY,Basic Materials
LIKHITHA,Energy
MADRASFERT,Basic Materials
STEELCAS,Basic Materials
MKPL,Consumer Defensive
ROSSELLIND,Industrials
KITEX,Consumer Cyclical
PRAKASH,Basic Materials
ARTEMISMED,
RICOAUTO,Consumer Cyclical
OMAXE,Real Estate
CENTUM,Technology
ROTO,Industrials
PRECAM,Consumer Cyclical
BIGBLOC,Industrials
SHREDIGCEM,Basic Materials
CLSEL,
GTLINFRA,Technology
PGIL,Consumer Cyclical
UTTAMSUGAR,Consumer Defensive
AVADHSUGAR,Consumer Defensive
PITTIENG,Industrials
5PAISA,Financial Services
NAHARSPING,Consumer Cyclical
SPCENET,Financial Services
SPORTKING,Consumer Cyclical
DEEPINDS,Energy
PARAGMILK,Consumer Defensive
AGARIND,Basic Materials
CONTROLPR,Industrials
BAJAJHCARE,Healthcare
KAMDHENU,Basic Materials
CHEMCON,Basic Materials
GICHSGFIN,Financial Services
MEDICAMEQ,Healthcare
DLINKINDIA,Technology
ARIHANTSUP,Real Estate
VHL,Financial Services
PFS,Financial Services
HEXATRADEX,Financial Services
RILINFRA,
CAPACITE,Industrials
SPAL,Consumer Cyclical
NCLIND,Basic Materials
63MOONS,Technology
NAVKARCORP,Industrials
ORIENTPPR,Basic Materials
DREDGECORP,Industrials
AMBIKCO,Consumer Cyclical
CENTRUM,Financial Services
LINC,Industrials
RGL,Consumer Cyclical
SCHAND,Communication Services
NELCAST,Industrials
FAZE3Q,Consumer Cyclical
KICL,Financial Services
DVL,Financial Services
JAGSNPHARM,Healthcare
POKARNA,Industrials
IFGLEXPOR,Basic Materials
TRIL,Industrials
CENTENKA,Consumer Cyclical
SMCGLOBAL,Financial Services
ROHLTD,Consumer Cyclical
INDNIPPON,Consumer Cyclical
SHAKTIPUMP,Industrials
NGLFINE,Healthcare
IMPAL,Consumer Cyclical
BLISSGVS,Healthcare
ALLSEC,Industrials
ORIENTBELL,Industrials
MANGLMCEM,Basic Materials
SANDESH,Communication Services
BODALCHEM,Basic Materials
ESTER,Basic Materials
ZOTA,Healthcare
RSWM,Consumer Cyclical
INDRAMEDCO,Healthcare
QUICKHEAL,Technology
SRHHYPOLTD,Basic Materials
AURIONPRO,Technology
GSLSU,Basic Materials
SASTASUNDR,Healthcare
MANAKSIA,Industrials
AWHCL,Industrials
BLKASHYAP,Industrials
RAMRAT,Industrials
JINDRILL,Energy
VIMTALABS,Healthcare
CLOUD,
DPABHUSHAN,Consumer Cyclical
MOLDTECH,Industrials
ATULAUTO,Consumer Cyclical
KOKUYOCMLN,Industrials
SIGACHI,Healthcare
HIMATSEIDE,Consumer Cyclical
LINCOLN,Healthcare
GREENPOWER,Utilities
EMAMIPAP,
SATINDLTD,
RAMCOSYS,Technology
HPAL,Basic Materials
OCCL,Basic Materials
FOCUS,Consumer Cyclical
GEPIL,Industrials
SUTLEJTEX,Consumer Cyclical
PANACEABIO,Healthcare
JAIBALAJI,Basic Materials
RML,Consumer Cyclical
JETAIRWAYS,Industrials
TRACXN,Technology
KHAICHEM,
TNPETRO,Basic Materials
ONWARDTEC,Technology
TFCILTD,Financial Services
ONMOBILE,Communication Services
INNOVANA,
GANDHITUBE,Industrials
TEXINFRA,Real Estate
MEDICO,Healthcare
TVSELECT,Technology
HEUBACHIND,Basic Materials
VINYLINDIA,Basic Materials
PARACABLES,Technology
FOODSIN,
HLVLTD,Consumer Cyclical
COFFEEDAY,Consumer Cyclical
BETA,
APEX,Consumer Defensive
YUKEN,Industrials
ELIN,Industrials
MONARCH,Financial Services
DMCC,Basic Materials
CHEVIOT,Consumer Cyclical
XCHANGING,Technology
VISAKAIND,Industrials
SUMMITSEC,Financial Services
SUKHJITS,Basic Materials
INDIANHUME,Industrials
JUBLINDS,Basic Materials
ASALCBR,Consumer Defensive
DECCANCE,Basic Materials
JAYBARMARU,Consumer Cyclical
COOLCAPS,
APOLLO,Industrials
ELDEHSG,Real Estate
HERCULES,Industrials
4THDIM,
KRITI,Industrials
AGSTRA,Technology
NAHARPOLY,Consumer Cyclical
MANINDS,Basic Materials
ENIL,Communication Services
SYNCOMF,Healthcare
KAMOPAINTS,Basic Materials
NAGAFERT,Basic Materials
SCPL,Consumer Defensive
HPL,Industrials
INDOAMIN,Basic Materials
DCMSRIND,
MENONBE,Consumer Cyclical
VASCONEQ,Industrials
VLSFINANCE,Financial Services
BALAXI,
ZEEMEDIA,Communication Services
CREATIVE,Technology
KRISHIVAL,
SNOWMAN,Industrials
KOPRAN,Healthcare
SHREYAS,Industrials
REFEX,Energy
KSOLVES,Technology
GFLLIMITED,Communication Services
SPECTRUM,
RUSHIL,Consumer Cyclical
IRISDOREME,Consumer Cyclical
BINDALAGRO,
SELMC,Consumer Cyclical
BHAGERIA,Basic Materials
ZUARI,Basic Materials
TALBROAUTO,Consumer Cyclical
RUBYMILLS,Consumer Cyclical
OSWALSEEDS,Basic Materials
DPWIRES,Industrials
SMSPHARMA,Healthcare
DHARMAJ,Basic Materials
RBL,Consumer Cyclical
GOYALALUM,Basic Materials
NRL,Industrials
MIRZAINT,Consumer Cyclical
VIKASLIFE,Consumer Defensive
WINDLAS,Healthcare
HITECHGEAR,Consumer Cyclical
SHREEPUSHK,Basic Materials
SPENCERS,Consumer Cyclical
KANORICHEM,Basic Materials
JPOLYINVST,Financial Services
ASAL,Consumer Cyclical
SILVERTUC,Technology
3IINFOLTD,Technology
MALLCOM,Industrials
CREST,Financial Services
REPRO,Industrials
MARINE,Industrials
KECL,Industrials
DENORA,Industrials
EXXARO,Industrials
MAGADSUGAR,Consumer Defensive
ASIANTILES,Industrials
JAYAGROGN,Basic Materials
DIGISPICE,Technology
BBTCL,Consumer Cyclical
PREMEXPLN,Basic Materials
SWELECTES,Technology
KELLTONTEC,Technology
MUTHOOTCAP,Financial Services
APCL,Basic Materials
ASIANENE,Energy
DONEAR,Consumer Cyclical
ADSL,Technology
BANSWRAS,Consumer Cyclical
NAHARCAP,Financial Services
ICEMAKE,Industrials
BAIDFIN,Financial Services
STCINDIA,Industrials
TBZ,Consumer Cyclical
SALZERELEC,Industrials
IFBAGRO,Consumer Defensive
PTL,Real Estate
ARIHANTCAP,Financial Services
CSLFINANCE,Financial Services
JSLL,
UNIVPHOTO,Healthcare
HARDWYN,Industrials
DSSL,Technology
REVATHI,
HCL-INSYS,Technology
PLASTIBLEN,Basic Materials
UNIDT,Energy
CAREERP,Industrials
ARROWGREEN,Consumer Cyclical
SREEL,Consumer Cyclical
SBC,Industrials
RADIOCITY,Communication Services
SERVOTECH,
SAKAR,Healthcare
BALAJITELE,Communication Services
NXTDIGITAL,
GOACARBON,Basic Materials
BIRLACABLE,Technology
RITCO,Industrials
SELAN,Energy
ASCOM,
OSIAHYPER,Consumer Cyclical
HINDCOMPOS,Consumer Cyclical
DHANBANK,Financial Services
DYCL,Industrials
DHUNINV,Financial Services
EIFFL,Consumer Defensive
MUNJALAU,Consumer Cyclical
NAHARINDUS,Consumer Cyclical
DELPHIFX,Financial Services
URJA,Technology
PRIMESECU,Financial Services
NECLIFE,Healthcare
NBIFIN,Financial Services
GRPLTD,Consumer Cyclical
MAWANASUG,Consumer Defensive
ZIMLAB,Healthcare
PDMJEPAPER,Basic Materials
ONEPOINT,Industrials
MAXIND,Healthcare
SHYAMCENT,Basic Materials
VARDHACRLC,Consumer Cyclical
RADHIKAJWE,Consumer Cyclical
NPST,
THEINVEST,Financial Services
HTMEDIA,Communication Services
NRAIL,Basic Materials
RCOM,Communication Services
DICIND,Basic Materials
OSWALAGRO,Real Estate
POCL,Basic Materials
AARTISURF,Basic Materials
SKMEGGPROD,Consumer Defensive
SOLEX,
DEEPENR,Energy
FCSSOFT,Technology
MUNJALSHOW,Consumer Cyclical
KOTHARIPRO,Industrials
PONNIERODE,Consumer Defensive
CHEMBOND,Basic Materials
USASEEDS,
KERNEX,Technology
RANASUG,Consumer Defensive
CUPID,Consumer Defensive
BGRENERGY,Industrials
GENUSPAPER,Basic Materials
GSS,Technology
PENINLAND,Real Estate
JYOTISTRUC,Industrials
ADVANIHOTR,Consumer Cyclical
KAYA,Consumer Defensive
KOTHARIPET,Basic Materials
LIBERTSHOE,Consumer Cyclical
KHADIM,Consumer Cyclical
PPL,Industrials
VIPCLOTHNG,Consumer Cyclical
NDRAUTO,Consumer Cyclical
PROZONINTU,
INDOBORAX,Basic Materials
CONSOFINVT,Financial Services
INDSWFTLAB,Healthcare
ZUARIIND,Industrials
GVKPIL,Utilities
SBGLP,Real Estate
HIRECT,Industrials
CHEMFAB,Basic Materials
GLOBAL,Consumer Defensive
ANNAPURNA,
INTLCONV,Industrials
EMKAYTOOLS,
ORBTEXP,Consumer Cyclical
SOUTHWEST,Energy
KAMATHOTEL,Consumer Cyclical
RAJMET,Basic Materials
RAMAPHO,Basic Materials
OMINFRAL,Industrials
HMVL,Communication Services
AYMSYNTEX,Consumer Cyclical
MSPL,Basic Materials
WEALTH,Financial Services
UNITECH,Real Estate
WEBELSOLAR,Technology
NURECA,Healthcare
LYKALABS,Healthcare
GKWLIMITED,Industrials
MHLXMIRU,Consumer Cyclical
AURUM,Technology
SKYGOLD,Consumer Cyclical
ALBERTDAVD,Healthcare
SHIVAUM,
PAVNAIND,Consumer Cyclical
CINELINE,Real Estate
KOTARISUG,Consumer Defensive
SHEMAROO,Communication Services
SILINV,Financial Services
SKP,
MMP,Basic Materials
EQUIPPP,Basic Materials
MANORG,Basic Materials
CYBERTECH,Technology
TRIGYN,Technology
SINTERCOM,Consumer Cyclical
JINDALPHOT,Financial Services
SARLAPOLY,Consumer Cyclical
RUCHIRA,Basic Materials
ESSENTIA,Consumer Defensive
MACPOWER,Industrials
AUTOIND,Consumer Cyclical
ORIENTABRA,
APOLSINHOT,Industrials
DYNPRO,Basic Materials
CLEDUCATE,Consumer Defensive
PARSVNATH,Real Estate
GSCLCEMENT,
MIRCELECTR,Consumer Cyclical
VISHWARAJ,Consumer Defensive
HINDMOTORS,Consumer Cyclical
NINSYS,Technology
NATHBIOGEN,Basic Materials
KNAGRI,
GEECEE,Real Estate
KCPSUGIND,Consumer Defensive
STEL,Consumer Defensive
PODDARMENT,Basic Materials
KOTYARK,
HITECHCORP,Consumer Cyclical
EUROBOND,
MICEL,Technology
ORICONENT,Consumer Cyclical
20MICRONS,Basic Materials
MWL,
MINDTECK,Technology
BMETRICS,
GOKUL,Consumer Defensive
SECL,
DUGLOBAL,
WEL,Consumer Cyclical
SUPERHOUSE,Consumer Cyclical
LOYALTEX,Consumer Cyclical
BPL,Technology
BIRLAMONEY,Financial Services
GPTINFRA,Industrials
E2E,Technology
SHIVAMAUTO,Consumer Cyclical
DCMNVL,Consumer Cyclical
MAZDA,Industrials
MADHAVBAUG,
WINDMACHIN,Industrials
BASML,Consumer Cyclical
WALCHANNAG,Industrials
SEJALLTD,Industrials
UCALFUEL,
MAHEPC,Industrials
V2RETAIL,Consumer Cyclical
SAKUMA,Consumer Defensive
VERTOZ,Communication Services
KMSUGAR,Consumer Defensive
ASHIMASYN,Consumer Cyclical
UFO,Communication Services
VIKASECO,Basic Materials
SAKHTISUG,Consumer Defensive
MAHESHWARI,Industrials
MAANALU,Basic Materials
HUBTOWN,Real Estate
REPL,Industrials
QMSMEDI,
MANAKSTEEL,Basic Materials
EMAMIREAL,Real Estate
GENCON,Industrials
STARPAPER,Basic Materials
GUJAPOLLO,Industrials
JAYSREETEA,Consumer Defensive
NDL,Consumer Cyclical
BCONCEPTS,Consumer Cyclical
GIRRESORTS,Consumer Cyclical
SMLT,Industrials
TPLPLASTEH,Consumer Cyclical
TEMBO,Industrials
DANGEE,Consumer Cyclical
NIPPOBATRY,Industrials
ASIANHOTNR,Consumer Cyclical
BRNL,Industrials
PPAP,Consumer Cyclical
PASUPTAC,Consumer Cyclical
FROG,
ASAHISONG,Basic Materials
PRECOT,Consumer Cyclical
MEP,Industrials
VENUSREM,Healthcare
KILITCH,Healthcare
BTML,Communication Services
MEGASTAR,Consumer Defensive
DRCSYSTEMS,Technology
ZODIACLOTH,Consumer Cyclical
HILTON,Industrials
INDOTHAI,Financial Services
JITFINFRA,Industrials
EROSMEDIA,Communication Services
DEVIT,Technology
BIL,Consumer Cyclical
EIMCOELECO,Industrials
ANMOL,Energy
COASTCORP,Consumer Defensive
RAJTV,Communication Services
KORE,
RELCAPITAL,Financial Services
MGEL,Consumer Defensive
FOCE,
INDTERRAIN,Consumer Cyclical
TAKE,Healthcare
TOTAL,Industrials
ACCURACY,Industrials
AVG,Industrials
HARRMALAYA,Consumer Defensive
SHREYANIND,Basic Materials
LOKESHMACH,Industrials
LGBFORGE,Industrials
SYSTANGO,
SIGMA,Technology
MARALOVER,Consumer Cyclical
ABAN,Energy
BAFNAPH,Healthcare
BEDMUTHA,Basic Materials
SIMPLEXINF,Industrials
ARIES,Basic Materials
DTIL,Consumer Defensive
KRITINUT,Consumer Defensive
IVC,Financial Services
IITL,Financial Services
SWASTIK,
AARON,Industrials
VITAL,
BEWLTD,
NILAINFRA,Real Estate
INDOTECH,Industrials
PVP,Industrials
AHLEAST,Consumer Cyclical
SAH,Consumer Cyclical
TIPSFILMS,Communication Services
PHANTOMFX,
DUCOL,
KANPRPLA,Consumer Cyclical
VINNY,Consumer Cyclical
MCLEODRUSS,Consumer Defensive
TRF,Industrials
ALLETEC,
MANOMAY,Consumer Cyclical
INSPIRISYS,Technology
AIRAN,Technology
MODISONLTD,Industrials
MURUDCERA,Industrials
TIRUPATI,
PAR,Healthcare
SGIL,Industrials
SPLIL,Consumer Cyclical
GEEKAYWIRE,Industrials
PALREDTEC,Technology
ESSARSHPNG,Industrials
SIL,Consumer Cyclical
PRITI,Consumer Cyclical
AKSHARCHEM,Basic Materials
RAMANEWS,Basic Materials
RUCHINFRA,Industrials
ALANKIT,Technology
MEGASOFT,Healthcare
IZMO,Technology
GULFPETRO,Energy
TOUCHWOOD,Communication Services
SARVESHWAR,Consumer Defensive
TARMAT,Industrials
RPPL,Consumer Cyclical
IEL,Industrials
BHARATGEAR,Consumer Cyclical
GOLDTECH,Technology
MBLINFRA,Industrials
PROPEQUITY,
EMKAY,Financial Services
IL&FSENGG,Industrials
BSL,Consumer Cyclical
UNITEDPOLY,Consumer Cyclical
PASHUPATI,
SHIVATEX,Consumer Cyclical
MANGALAM,Healthcare
KRISHNADEF,
PREMIERPOL,Basic Materials
SMSLIFE,Healthcare
GOLDSTAR,
BROOKS,Healthcare
VAISHALI,Healthcare
ALMONDZ,Financial Services
3RDROCK,Industrials
PRESSMN,
AARVI,Industrials
AKSHAR,Consumer Cyclical
LATTEYS,Industrials
VISESHINFO,Technology
BHAGYANGR,Basic Materials
TTL,Consumer Cyclical
SADBHAV,Industrials
COMPUSOFT,Consumer Defensive
KAKATCEM,Basic Materials
RPPINFRA,Industrials
SVLL,Industrials
SMARTLINK,Technology
ASPINWALL,Consumer Defensive
LAMBODHARA,Consumer Cyclical
DJML,Industrials
TIL,Industrials
ELGIRUBCO,Consumer Cyclical
JAINAM,
WORTH,Consumer Cyclical
ISFT,Consumer Cyclical
GINNIFILA,Consumer Cyclical
PILITA,Consumer Cyclical
SOFTTECH,Technology
DUCON,Industrials
VETO,Industrials
RANEENGINE,Consumer Cyclical
AVONMORE,Financial Services
KBCGLOBAL,Real Estate
PANSARI,Real Estate
MODIRUBBER,Real Estate
INVENTURE,Financial Services
KAPSTON,Industrials
AKSHOPTFBR,Technology
JMA,Consumer Cyclical
EMMBI,Consumer Cyclical
NITCO,Industrials
IRIS,Technology
SHERA,
DRSDILIP,
UNITEDTEA,Consumer Defensive
JOCIL,Basic Materials
MANAKALUCO,Basic Materials
VIPULLTD,Real Estate
SIKKO,Basic Materials
GILLANDERS,Industrials
SVPGLOB,Consumer Cyclical
VISASTEEL,Basic Materials
DCM,Industrials
INTENTECH,Technology
TEXMOPIPES,Industrials
WEIZMANIND,Consumer Cyclical
BYKE,Consumer Cyclical
RAJSREESUG,Consumer Defensive
ZODIAC,
ARSHIYA,Industrials
UMANGDAIRY,Consumer Defensive
LOVABLE,Consumer Cyclical
HOMESFY,
ALPHAGEO,Energy
NDGL,Financial Services
PRAXIS,Consumer Cyclical
ARTNIRMAN,Real Estate
SHIGAN,
NOIDATOLL,Industrials
UMAEXPORTS,Consumer Defensive
VELS,
ATLANTA,Industrials
MOTOGENFIN,Real Estate
AVROIND,Consumer Cyclical
SALONA,Consumer Cyclical
INDIANCARD,Consumer Cyclical
SPTL,Consumer Cyclical
PRITIKAUTO,Industrials
URAVI,Consumer Cyclical
IVP,Basic Materials
MAHAPEXLTD,Financial Services
SOMATEX,Consumer Cyclical
LEXUS,Industrials
WANBURY,Healthcare
LOTUSEYE,Healthcare
KREBSBIO,Healthcare
RNAVAL,Industrials
WSI,Industrials
RHFL,Financial Services
HDIL,Real Estate
DCI,Technology
RVHL,Real Estate
XELPMOC,Technology
RKEC,Industrials
RELCHEMQ,Consumer Cyclical
DIL,Industrials
ATALREAL,Industrials
KOHINOOR,Consumer Defensive
SALSTEEL,Basic Materials
A2ZINFRA,Industrials
TARACHAND,
INDOWIND,Utilities
BLBLIMITED,Financial Services
FRETAIL,Consumer Cyclical
ROML,
SURANAT&P,Utilities
ALPA,Healthcare
SUNDRMBRAK,Consumer Cyclical
PARIN,
NILASPACES,Real Estate
AHLADA,Industrials
MAGNUM,Basic Materials
REMSONSIND,Consumer Cyclical
STARTECK,Financial Services
BOHRAIND,Basic Materials
COMPINFO,Technology
CORALFINAC,Real Estate
MRO-TEK,Technology
SECURKLOUD,Technology
ZEELEARN,Consumer Defensive
SADBHIN,Industrials
BALPHARMA,Healthcare
NIRAJ,Industrials
GSTL,
OBCL,Industrials
TAINWALCHM,Basic Materials
ARCHIDPLY,Basic Materials
JHS,Consumer Defensive
SITINET,Communication Services
MUKTAARTS,Communication Services
CMNL,
GAYAPROJ,Industrials
AKG,Consumer Defensive
FCONSUMER,Consumer Defensive
PALASHSECU,Consumer Defensive
CCHHL,Consumer Cyclical
SIGIND,Basic Materials
AIROLAM,Consumer Cyclical
WELINV,Financial Services
LEMERITE,
CTE,Technology
UNIVASTU,Industrials
SUNDARAM,Basic Materials
MANAKCOAT,Industrials
ARVEE,Basic Materials
SECURCRED,Industrials
ASTRON,Basic Materials
FLFL,Consumer Cyclical
STEELCITY,Financial Services
LLOYDS,
GANGESSECU,Consumer Defensive
INDBANK,Financial Services
SUMIT,Real Estate
FIBERWEB,Consumer Cyclical
ALKALI,Basic Materials
LASA,Healthcare
JAIPURKURT,
MHHL,
BAHETI,
DGCONTENT,Communication Services
VMARCIND,
PKTEA,Consumer Defensive
DAMODARIND,Consumer Cyclical
NECCLTD,Industrials
CAPTRUST,Financial Services
MITCON,Industrials
TIRUPATIFL,Industrials
IL&FSTRANS,Industrials
SRPL,Consumer Defensive
SURYALAXMI,Consumer Cyclical
CEREBRAINT,Technology
KSHITIJPOL,
LAGNAM,Consumer Cyclical
ANLON,
AMJLAND,Real Estate
BINANIIND,Basic Materials
PROLIFE,
INCREDIBLE,Basic Materials
SHAHALLOYS,Basic Materials
AMDIND,Consumer Cyclical
OMAXAUTO,Consumer Cyclical
TOKYOPLAST,Consumer Cyclical
GROBTEA,Consumer Defensive
ANIKINDS,Consumer Defensive
SURANASOL,Technology
FIDEL,
MAHASTEEL,Basic Materials
AURDIS,
SIMBHALS,Consumer Defensive
GAL,
GICL,
KALYANIFRG,Consumer Cyclical
HINDCON,Basic Materials
CORDSCABLE,Industrials
YAARI,Financial Services
SONAMCLOCK,Consumer Cyclical
MAHICKRA,
HPIL,Basic Materials
LPDC,Real Estate
DBSTOCKBRO,Financial Services
AUSOMENT,Financial Services
BALLARPUR,Basic Materials
AVSL,
SPMLINFRA,Industrials
BANKA,Industrials
GOLDENTOBC,Consumer Defensive
GTL,Communication Services
ENERGYDEV,Utilities
PANACHE,Technology
PIGL,Industrials
DELTAMAGNT,Industrials
SHRADHA,Real Estate
PIONEEREMB,Consumer Cyclical
GLOBALVECT,Industrials
BAGFILMS,Communication Services
WIPL,Basic Materials
NITIRAJ,Technology
BEARDSELL,Industrials
KRITIKA,Basic Materials
PATINTLOG,Industrials
SETCO,Consumer Cyclical
PRAENG,Real Estate
ELECTHERM,Basic Materials
UCL,
PRAKASHSTL,Basic Materials
CINEVISTA,Communication Services
SUULD,Consumer Cyclical
FLEXITUFF,Consumer Cyclical
MDL,
HISARMETAL,Basic Materials
SUVIDHAA,Technology
BIOFILCHEM,Healthcare
MARSHALL,Industrials
ARIHANTACA,
CELEBRITY,Consumer Cyclical
VIAZ,
DHRUV,Industrials
CENTEXT,Basic Materials
DOLLEX,
BHANDARI,Consumer Cyclical
TREJHARA,Technology
FELIX,
NGIL,Consumer Defensive
SUPREMEINF,Industrials
AGROPHOS,Basic Materials
MCL,Basic Materials
OILCOUNTUB,Energy
UMA,
MORARJEE,Consumer Cyclical
SRIVASAVI,
AAREYDRUGS,Healthcare
AAKASH,Energy
VASWANI,Basic Materials
KANANIIND,Consumer Cyclical
ARCHIES,Consumer Cyclical
SHIVAMILLS,Consumer Cyclical
IPSL,
TREEHOUSE,Consumer Defensive
BDR,
VERTEXPLUS,
KEYFINSERV,Financial Services
KHFM,
AROGRANITE,Industrials
SEYAIND,Basic Materials
GIRIRAJ,
RSSOFTWARE,Technology
ORIENTLTD,Consumer Cyclical
EXCEL,Industrials
RELIABLE,
AAATECH,Technology
AGRITECH,Consumer Defensive
LGHL,Consumer Cyclical
SHRENIK,Basic Materials
ANKITMETAL,Basic Materials
JETFREIGHT,Industrials
VARDMNPOLY,Consumer Cyclical
NIRMAN,
SHREERAMA,Consumer Cyclical
SIDDHIKA,
BVCL,Basic Materials
KKVAPOW,
HOVS,Technology
AMBANIORG,
FSC,Industrials
ABMINTLLTD,Basic Materials
SEPOWER,
BANARBEADS,Consumer Cyclical
REGENCERAM,Industrials
PODDARHOUS,Real Estate
PENTAGOLD,
PARTYCRUS,
SONAHISONA,
MALUPAPER,Basic Materials
MOKSH,Consumer Cyclical
PULZ,
RBMINFRA,
ZENITHSTL,Basic Materials
NIDAN,
SAMBHAAV,Communication Services
UWCSL,
BANG,Consumer Cyclical
MRO,
MINDPOOL,
TAPIFRUIT,
ABCOTS,
PNC,Communication Services
SURANI,
PRECISION,
TIMESGTY,Financial Services
MANUGRAPH,Industrials
ZENITHEXPO,Consumer Cyclical
AARVEEDEN,Consumer Cyclical
SOMICONVEY,Industrials
DKEGL,
ARHAM,
TIMESCAN,
SGL,Consumer Cyclical
WEWIN,Technology
CMRSL,
SONUINFRA,
VIVIANA,
AKASH,Industrials
INDSWFTLTD,Healthcare
KARMAENG,Utilities
NAGREEKEXP,Consumer Cyclical
BURNPUR,Basic Materials
NIBL,Industrials
CUBEXTUB,Basic Materials
AISL,
SHAIVAL,
VINEETLAB,Basic Materials
ARISTO,
TERASOFT,Technology
CROWN,Industrials
JFLLIFE,
GLOBE,Consumer Cyclical
3PLAND,
VERA,
MILTON,
ADROITINFO,Technology
SHUBHLAXMI,
AGNI,
LFIC,Financial Services
VSCL,
MADHAV,Industrials
UJAAS,Technology
SUPERSPIN,Consumer Cyclical
RKDL,Consumer Defensive
AMBICAAGAR,Consumer Defensive
ACEINTEG,Industrials
OMFURN,
SWARAJ,
AJOONI,Consumer Defensive
KHANDSE,Financial Services
SAGARDEEP,Basic Materials
REXPIPES,
ADL,Consumer Cyclical
MCON,
CADSYS,
HBSL,Financial Services
SANGINITA,Basic Materials
GANGAFORGE,Industrials
ABINFRA,
PERFECT,
NARMADA,Basic Materials
RMDRIP,
NAGREEKCAP,Financial Services
LAXMICOT,Consumer Cyclical
PEARLPOLY,Consumer Cyclical
HECPROJECT,Industrials
SANWARIA,Consumer Defensive
MEGAFLEX,
GISOLUTION,Industrials
PARASPETRO,Consumer Cyclical
RITEZONE,
HEADSUP,Consumer Cyclical
VCL,Consumer Cyclical
PRITIKA,
KEEPLEARN,Consumer Defensive
COUNCODOS,Real Estate
ROLTA,Technology
DHARSUGAR,Consumer Defensive
ASLIND,
AGARWALFT,
NEXTMEDIA,Communication Services
RICHA,
DNAMEDIA,Communication Services
AMEYA,
DYNAMIC,
LIBAS,Consumer Cyclical
JETKNIT,
BALKRISHNA,Consumer Cyclical
MTEDUCARE,Consumer Defensive
GODHA,Industrials
GOENKA,Consumer Cyclical
HAVISHA,Consumer Cyclical
QUADPRO,
QFIL,
MADHUCON,Industrials
ROLLT,Industrials
CYBERMEDIA,Communication Services
JAKHARIA,
VEEKAYEM,
TGBHOTELS,Consumer Cyclical
VIVIDHA,Consumer Cyclical
FMNL,Real Estate
WALPAR,
DESTINY,
SUMEETINDS,Consumer Cyclical
ICDSLTD,Real Estate
LRRPL,
MPTODAY,
21STCENMGM,Financial Services
HYBRIDFIN,Financial Services
SABAR,
TFL,Financial Services
IMPEXFERRO,Basic Materials
INFOMEDIA,Financial Services
NKIND,Consumer Defensive
SHANTI,Consumer Defensive
GRCL,
FEL,Consumer Cyclical
THOMASCOTT,Consumer Cyclical
KHAITANLTD,Consumer Cyclical
WILLAMAGOR,Financial Services
LCCINFOTEC,Consumer Defensive
UNIINFO,Communication Services
ASMS,Technology
VIVO,
GAYAHWS,Industrials
CALSOFT,Technology
MOXSH,
ORIENTALTL,Industrials
ONELIFECAP,Financial Services
VIJIFIN,Financial Services
DIGJAMLMTD,
KRIDHANINF,Basic Materials
SILLYMONKS,Communication Services
MAKS,
TANTIACONS,
SUPREMEENG,Basic Materials
SILGO,Consumer Cyclical
MOHITIND,Consumer Cyclical
EDUCOMP,Consumer Defensive
EASTSILK,Consumer Cyclical
KANDARP,
CMICABLES,Industrials
NATNLSTEEL,
MITTAL,Consumer Cyclical
SPRL,
ORTINLAB,Healthcare
BRIGHT,
KAUSHALYA,Industrials
GUJRAFFIA,
MASKINVEST,Financial Services
ISHAN,
CONTI,
AMIABLE,
AILIMITED,
EUROTEXIND,Consumer Cyclical
TIJARIA,Industrials
TNTELE,Technology
KALYANI,Consumer Cyclical
SETUINFRA,Industrials
GRETEX,
LYPSAGEMS,Consumer Cyclical
METALFORGE,Industrials
SSINFRA,
SMVD,
RMCL,Consumer Cyclical
JALAN,
SANCO,Industrials
VASA,
KAVVERITEL,Technology
TECHIN,Real Estate
NORBTEAEXP,Consumer Defensive
KCK,
SPENTEX,Consumer Cyclical
CREATIVEYE,Communication Services
ANTGRAPHIC,Consumer Cyclical
TVVISION,Communication Services
ABNINT,
ARENTERP,Basic Materials
UMESLTD,Consumer Defensive
SHYAMTEL,Technology
MANAV,
ACCORD,
DRL,
GLFL,Financial Services
CMMIPL,
NIRAJISPAT,
DCMFINSERV,Financial Services
SRIRAM,
PREMIER,Industrials
SKSTEXTILE,
SABTN,Communication Services
TARAPUR,Industrials
BKMINDST,Consumer Cyclical
ALPSINDUS,Consumer Cyclical
AHIMSA,
BHALCHANDR,
INNOVATIVE,
LAKPRE,Industrials
TRANSWIND,
MELSTAR,Technology
SABEVENTS,Communication Services
INDLMETER,Industrials
TECILCHEM,Financial Services
ABHISHEK,
AHLWEST,Consumer Cyclical
AIFL,
AJRINFRA,Industrials
ALCHEM,Industrials
AMJUMBO,
ANDHRACEMT,
ANSALAPI,Real Estate
ARCOTECH,Industrials
ARSSINFRA,Industrials
ARTEDZ,
ASIL,
ATCOM,
ATLASCYCLE,Consumer Cyclical
ATNINTER,Financial Services
AUTOLITIND,
AUTORIDFIN,
BANSAL,
BGLOBAL,Technology
BHARATIDIL,
BILENERGY,Industrials
BIRLATYRE,Consumer Cyclical
BLUEBLENDS,
BLUECHIP,Financial Services
BLUECOAST,Consumer Cyclical
BRFL,Consumer Cyclical
CANDC,Industrials
CCCL,Industrials
CELESTIAL,
CKFSL,Financial Services
DFMFOODS,
DIAPOWER,
DOLPHINOFF,
DQE,Communication Services
DSKULKARNI,
EASTSUGIND,
EASUNREYRL,Industrials
EMCO,
EON,
EUROCERA,Industrials
EUROMULTI,Technology
FEDDERELEC,
FIVECORE,
GAMMONIND,
GANGOTRI,Consumer Cyclical
GBGLOBAL,Consumer Cyclical
GFSTEELS,Basic Materials
GITANJALI,
HINDNATGLS,Consumer Cyclical
ICSA,
INDOSOLAR,Technology
IVRCLINFRA,
JAINSTUDIO,Communication Services
JBFIND,Consumer Cyclical
JIKIND,Consumer Cyclical
JINDCOT,Consumer Cyclical
JMTAUTOLTD,Consumer Cyclical
JPINFRATEC,Industrials
KEERTI,
KGL,Consumer Defensive
KSERASERA,Communication Services
KSK,Utilities
LAKSHMIEFL,
LEEL,
MANPASAND,
MBECL,Industrials
MCDHOLDING,Financial Services
MERCATOR,Energy
METKORE,Basic Materials
MODTHREAD,
MOHOTAIND,Consumer Cyclical
MVL,
NAKODA,
NITINFIRE,Industrials
NTL,Basic Materials
NUTEK,
OISL,Basic Materials
OMKARCHEM,Basic Materials
OPAL,
OPTOCIRCUI,Healthcare
ORTEL,Communication Services
PDPL,Healthcare
PINCON,
PRATIBHA,
PRUDMOULI,
PSL,
PUNJLLOYD,Industrials
QUINTEGRA,Technology
RADAAN,Communication Services
RAINBOWPAP,
RAJVIR,Consumer Cyclical
RMMIL,
RUSHABEAR,
S&SPOWER,Industrials
SATHAISPAT,Basic Materials
SBIHOMEFIN,
SHARONBIO,
SHIRPUR-G,Basic Materials
SICAL,
SIIL,
SKIL,Industrials
SONISOYA,
SPYL,Consumer Cyclical
SREINFRA,Financial Services
STAMPEDE,
TALWALKARS,Consumer Cyclical
TALWGYM,Consumer Cyclical
TCIFINANCE,Financial Services
TECHNOFAB,Industrials
THIRUSUGAR,
TULSI,
UNIPLY,Basic Materials
UNITY,Industrials
UNIVAFOODS,Financial Services
USK,Industrials
VALECHAENG,
VALUEIND,
VICEROY,Consumer Cyclical
VIDEOIND,Consumer Cyclical
VIKASPROP,
VISUINTL,
VIVIMEDLAB,Healthcare
WINSOME,Consumer Cyclical
ZICOM,Industrials
